Timestamp,Emotion

2025-07-03 13:44:01,fear
2025-07-03 13:44:02,neutral
2025-07-03 13:44:02,happy
2025-07-03 13:44:02,neutral
2025-07-03 13:44:02,happy
2025-07-03 13:44:02,sad
2025-07-03 13:44:03,neutral
2025-07-03 13:44:03,neutral
2025-07-03 13:44:03,neutral
2025-07-03 13:44:03,neutral
2025-07-03 13:44:04,neutral
2025-07-03 13:44:04,neutral
2025-07-03 13:44:04,neutral
2025-07-03 13:44:04,angry
2025-07-03 13:44:04,sad
2025-07-03 13:44:05,angry
2025-07-03 13:44:05,sad
2025-07-03 13:44:05,sad
2025-07-03 13:44:05,sad
2025-07-03 13:44:05,sad
2025-07-03 13:44:06,angry
2025-07-03 13:44:06,neutral
2025-07-03 13:44:06,surprise
2025-07-03 13:44:06,angry
2025-07-03 13:44:07,neutral
2025-07-03 13:44:07,neutral
2025-07-03 13:44:07,happy
2025-07-03 13:44:07,surprise
2025-07-03 13:44:08,happy
2025-07-03 13:44:08,happy
2025-07-03 13:44:08,neutral
2025-07-03 13:44:08,happy
2025-07-03 13:44:08,happy
2025-07-03 13:44:08,happy
2025-07-03 13:44:09,happy
2025-07-03 13:44:09,happy
2025-07-03 13:44:09,happy
2025-07-03 13:44:09,happy
2025-07-03 13:44:09,happy
2025-07-03 13:44:09,happy
2025-07-03 13:44:09,happy
2025-07-03 13:44:10,happy
2025-07-03 13:44:10,happy
2025-07-03 13:44:10,happy
2025-07-03 13:44:10,happy
2025-07-03 13:44:10,neutral
2025-07-03 13:44:10,happy
2025-07-03 13:44:11,neutral
2025-07-03 13:44:11,neutral
2025-07-03 13:44:11,neutral
2025-07-03 13:44:11,neutral
2025-07-03 13:44:12,happy
2025-07-03 13:44:12,neutral
2025-07-03 13:44:12,neutral
2025-07-03 13:44:12,neutral
2025-07-03 13:44:13,neutral
2025-07-03 13:44:13,neutral
2025-07-03 13:44:13,neutral
2025-07-03 13:44:13,neutral
2025-07-03 13:44:14,surprise
2025-07-03 13:44:14,surprise
2025-07-03 13:44:14,neutral
2025-07-03 13:44:14,neutral
2025-07-03 13:44:15,neutral
2025-07-03 13:44:15,neutral
2025-07-03 13:44:15,neutral
2025-07-03 13:44:15,neutral
2025-07-03 13:44:15,neutral
2025-07-03 13:44:16,neutral
2025-07-03 13:44:16,neutral
2025-07-03 13:44:16,angry
2025-07-03 13:44:16,angry
2025-07-03 13:44:16,angry
2025-07-03 13:44:17,neutral
2025-07-03 13:44:17,happy
2025-07-03 13:44:17,sad
2025-07-03 13:44:17,neutral
2025-07-03 13:44:18,angry
2025-07-03 13:44:18,sad
2025-07-03 13:44:18,sad
2025-07-03 13:44:18,angry
2025-07-03 13:44:18,angry
2025-07-03 13:44:19,neutral
2025-07-03 13:44:19,angry
2025-07-03 13:44:19,angry
2025-07-03 13:44:19,angry
2025-07-03 13:44:19,neutral
2025-07-03 13:44:19,angry
2025-07-03 13:44:20,angry
2025-07-03 13:44:20,happy
2025-07-03 13:44:20,happy
2025-07-03 13:44:20,happy
2025-07-03 13:44:20,happy
2025-07-03 13:44:21,happy
2025-07-03 13:44:21,happy
2025-07-03 13:44:21,happy
2025-07-03 13:44:21,happy
2025-07-03 13:44:21,happy
2025-07-03 13:44:21,happy
2025-07-03 13:44:21,fear
2025-07-03 13:44:22,neutral
2025-07-03 13:44:22,fear
2025-07-03 13:44:22,fear
2025-07-03 13:44:22,fear
2025-07-03 13:44:22,neutral
2025-07-03 13:44:22,fear
2025-07-03 13:44:22,fear
2025-07-03 13:44:22,fear
2025-07-03 13:44:23,fear
2025-07-03 13:44:23,fear
2025-07-03 13:44:23,fear
2025-07-03 13:44:23,fear
2025-07-03 13:44:23,fear
2025-07-03 13:44:23,fear
2025-07-03 13:44:23,fear
2025-07-03 13:44:23,fear
2025-07-03 13:44:24,fear
2025-07-03 13:44:24,fear
2025-07-03 13:44:24,fear
2025-07-03 13:44:24,neutral
2025-07-03 13:44:24,neutral
2025-07-03 13:44:24,fear
2025-07-03 13:44:24,neutral
2025-07-03 13:44:24,fear
2025-07-03 13:44:25,fear
2025-07-03 13:44:25,fear
2025-07-03 13:44:25,fear
2025-07-03 13:44:25,fear
2025-07-03 13:44:25,fear
2025-07-03 13:44:25,fear
2025-07-03 13:44:25,fear
2025-07-03 13:44:25,neutral
2025-07-03 13:44:26,neutral
2025-07-03 13:44:26,happy
2025-07-03 13:44:26,happy
2025-07-03 13:44:26,happy
2025-07-03 13:44:26,happy
2025-07-03 13:44:26,happy
2025-07-03 13:44:26,happy
2025-07-03 13:44:26,happy
2025-07-03 13:44:27,happy
2025-07-03 13:44:27,happy
2025-07-03 13:44:27,happy
2025-07-03 13:44:27,happy
2025-07-03 13:44:27,happy
2025-07-03 13:44:27,happy
2025-07-03 13:44:27,happy
2025-07-03 13:44:27,happy
2025-07-03 13:44:28,happy
2025-07-03 13:44:28,happy
2025-07-03 13:44:28,happy
2025-07-03 13:44:28,happy
2025-07-03 13:44:28,happy
2025-07-03 13:44:28,happy
2025-07-03 13:44:28,happy
2025-07-03 13:44:28,happy
2025-07-03 13:44:29,happy
2025-07-03 13:44:29,happy
2025-07-03 13:44:29,happy
2025-07-03 13:44:29,happy
2025-07-03 13:44:29,happy
2025-07-03 13:44:29,happy
2025-07-03 13:44:29,happy
2025-07-03 13:44:29,happy
2025-07-03 13:44:30,happy
2025-07-03 13:44:30,happy
2025-07-03 13:44:30,happy
2025-07-03 13:44:30,happy
2025-07-03 13:44:30,happy
2025-07-03 13:59:37,happy
2025-07-03 13:59:37,happy
2025-07-03 13:59:38,angry
2025-07-03 13:59:38,angry
2025-07-03 13:59:38,angry
2025-07-03 13:59:38,angry
2025-07-03 13:59:38,neutral
2025-07-03 13:59:38,neutral
2025-07-03 13:59:38,neutral
2025-07-03 13:59:38,neutral
2025-07-03 13:59:38,neutral
2025-07-03 13:59:38,neutral
2025-07-03 13:59:38,happy
2025-07-03 13:59:38,happy
2025-07-03 13:59:38,angry
2025-07-03 13:59:38,angry
2025-07-03 13:59:38,neutral
2025-07-03 13:59:38,neutral
2025-07-03 13:59:39,neutral
2025-07-03 13:59:39,neutral
2025-07-03 13:59:39,neutral
2025-07-03 13:59:39,neutral
2025-07-03 13:59:39,neutral
2025-07-03 13:59:39,neutral
2025-07-03 13:59:39,fear
2025-07-03 13:59:39,fear
2025-07-03 13:59:39,happy
2025-07-03 13:59:39,happy
2025-07-03 13:59:39,happy
2025-07-03 13:59:39,happy
2025-07-03 13:59:39,neutral
2025-07-03 13:59:39,neutral
2025-07-03 13:59:40,neutral
2025-07-03 13:59:40,neutral
2025-07-03 13:59:40,happy
2025-07-03 13:59:40,happy
2025-07-03 13:59:40,surprise
2025-07-03 13:59:40,surprise
2025-07-03 13:59:40,happy
2025-07-03 13:59:40,happy
2025-07-03 13:59:40,happy
2025-07-03 13:59:40,happy
2025-07-03 13:59:40,sad
2025-07-03 13:59:40,sad
2025-07-03 13:59:40,happy
2025-07-03 13:59:40,happy
2025-07-03 13:59:41,happy
2025-07-03 13:59:41,happy
2025-07-03 13:59:41,happy
2025-07-03 13:59:41,happy
2025-07-03 13:59:41,fear
2025-07-03 13:59:41,fear
2025-07-03 13:59:41,sad
2025-07-03 13:59:41,sad
2025-07-03 13:59:41,sad
2025-07-03 13:59:41,sad
2025-07-03 13:59:41,neutral
2025-07-03 13:59:41,neutral
2025-07-03 13:59:41,fear
2025-07-03 13:59:41,fear
2025-07-03 13:59:42,fear
2025-07-03 13:59:42,fear
2025-07-03 13:59:42,surprise
2025-07-03 13:59:42,surprise
2025-07-03 13:59:42,happy
2025-07-03 13:59:42,happy
2025-07-03 13:59:42,neutral
2025-07-03 13:59:42,neutral
2025-07-03 13:59:42,neutral
2025-07-03 13:59:42,neutral
2025-07-03 13:59:42,neutral
2025-07-03 13:59:42,neutral
2025-07-03 13:59:42,neutral
2025-07-03 13:59:42,neutral
2025-07-03 13:59:43,neutral
2025-07-03 13:59:43,neutral
2025-07-03 13:59:43,neutral
2025-07-03 13:59:43,neutral
2025-07-03 13:59:43,neutral
2025-07-03 13:59:43,neutral
2025-07-03 13:59:43,neutral
2025-07-03 13:59:43,neutral
2025-07-03 13:59:43,neutral
2025-07-03 13:59:43,neutral
2025-07-03 13:59:43,neutral
2025-07-03 13:59:43,neutral
2025-07-03 13:59:43,neutral
2025-07-03 13:59:43,neutral
2025-07-03 13:59:43,neutral
2025-07-03 13:59:43,neutral
2025-07-03 13:59:44,neutral
2025-07-03 13:59:44,neutral
2025-07-03 13:59:44,neutral
2025-07-03 13:59:44,neutral
2025-07-03 13:59:44,fear
2025-07-03 13:59:44,fear
2025-07-03 13:59:44,fear
2025-07-03 13:59:44,fear
2025-07-03 13:59:44,fear
2025-07-03 13:59:44,fear
2025-07-03 13:59:44,fear
2025-07-03 13:59:44,fear
2025-07-03 13:59:45,fear
2025-07-03 13:59:45,fear
2025-07-03 13:59:45,fear
2025-07-03 13:59:45,fear
2025-07-03 13:59:45,surprise
2025-07-03 13:59:45,surprise
2025-07-03 13:59:46,surprise
2025-07-03 13:59:46,surprise
2025-07-03 13:59:46,surprise
2025-07-03 13:59:46,surprise
2025-07-03 13:59:46,surprise
2025-07-03 13:59:46,surprise
2025-07-03 13:59:47,surprise
2025-07-03 13:59:47,surprise
2025-07-03 13:59:47,happy
2025-07-03 13:59:47,happy
2025-07-03 13:59:47,happy
2025-07-03 13:59:47,happy
2025-07-03 13:59:47,happy
2025-07-03 13:59:47,happy
2025-07-03 13:59:48,happy
2025-07-03 13:59:48,happy
2025-07-03 13:59:48,happy
2025-07-03 13:59:48,happy
2025-07-03 13:59:48,happy
2025-07-03 13:59:48,happy
2025-07-03 13:59:48,happy
2025-07-03 13:59:48,happy
2025-07-03 13:59:48,happy
2025-07-03 13:59:48,happy
2025-07-03 13:59:49,happy
2025-07-03 13:59:49,happy
2025-07-03 13:59:49,happy
2025-07-03 13:59:49,happy
2025-07-03 13:59:49,happy
2025-07-03 13:59:49,happy
2025-07-03 13:59:49,happy
2025-07-03 13:59:49,happy
2025-07-03 13:59:49,neutral
2025-07-03 13:59:49,neutral
2025-07-03 13:59:49,neutral
2025-07-03 13:59:49,neutral
2025-07-03 13:59:50,neutral
2025-07-03 13:59:50,neutral
2025-07-03 13:59:50,neutral
2025-07-03 13:59:50,neutral
2025-07-03 13:59:50,neutral
2025-07-03 13:59:50,neutral
2025-07-03 13:59:51,happy
2025-07-03 13:59:51,happy
2025-07-03 13:59:51,happy
2025-07-03 13:59:51,happy
2025-07-03 13:59:51,neutral
2025-07-03 13:59:51,neutral
2025-07-03 13:59:51,happy
2025-07-03 13:59:51,happy
2025-07-03 13:59:52,happy
2025-07-03 13:59:52,happy
2025-07-03 13:59:52,happy
2025-07-03 13:59:52,happy
2025-07-03 13:59:52,happy
2025-07-03 13:59:52,happy
2025-07-03 13:59:52,happy
2025-07-03 13:59:52,happy
2025-07-03 13:59:53,neutral
2025-07-03 13:59:53,neutral
2025-07-03 13:59:53,happy
2025-07-03 13:59:53,happy
2025-07-03 13:59:53,neutral
2025-07-03 13:59:53,neutral
2025-07-03 13:59:54,neutral
2025-07-03 13:59:54,neutral
2025-07-03 13:59:54,neutral
2025-07-03 13:59:54,neutral
2025-07-03 13:59:54,neutral
2025-07-03 13:59:54,neutral
2025-07-03 13:59:54,neutral
2025-07-03 13:59:54,neutral
2025-07-03 13:59:55,neutral
2025-07-03 13:59:55,neutral
2025-07-03 13:59:55,neutral
2025-07-03 13:59:55,neutral
2025-07-03 13:59:55,neutral
2025-07-03 13:59:55,neutral
2025-07-03 13:59:55,happy
2025-07-03 13:59:55,happy
2025-07-03 13:59:56,neutral
2025-07-03 13:59:56,neutral
2025-07-03 13:59:56,neutral
2025-07-03 13:59:56,neutral
2025-07-03 13:59:56,happy
2025-07-03 13:59:56,happy
2025-07-03 13:59:56,happy
2025-07-03 13:59:56,happy
2025-07-03 13:59:56,neutral
2025-07-03 13:59:56,neutral
2025-07-03 13:59:57,neutral
2025-07-03 13:59:57,neutral
2025-07-03 13:59:57,neutral
2025-07-03 13:59:57,neutral
2025-07-03 13:59:57,neutral
2025-07-03 13:59:57,neutral
2025-07-03 13:59:57,neutral
2025-07-03 13:59:57,neutral
2025-07-03 13:59:58,neutral
2025-07-03 13:59:58,neutral
2025-07-03 13:59:58,neutral
2025-07-03 13:59:58,neutral
2025-07-03 13:59:58,neutral
2025-07-03 13:59:58,neutral
2025-07-03 13:59:58,neutral
2025-07-03 13:59:58,neutral
2025-07-03 13:59:59,neutral
2025-07-03 13:59:59,neutral
2025-07-03 13:59:59,neutral
2025-07-03 13:59:59,neutral
2025-07-03 13:59:59,happy
2025-07-03 13:59:59,happy
2025-07-03 13:59:59,happy
2025-07-03 13:59:59,happy
2025-07-03 13:59:59,happy
2025-07-03 13:59:59,happy
2025-07-03 14:00:00,happy
2025-07-03 14:00:00,happy
2025-07-03 14:00:00,happy
2025-07-03 14:00:00,happy
2025-07-03 14:00:00,happy
2025-07-03 14:00:00,happy
2025-07-03 14:00:00,neutral
2025-07-03 14:00:00,neutral
2025-07-03 14:00:00,sad
2025-07-03 14:00:00,sad
2025-07-03 14:00:01,neutral
2025-07-03 14:00:01,neutral
2025-07-03 14:00:01,neutral
2025-07-03 14:00:01,neutral
2025-07-03 14:00:01,neutral
2025-07-03 14:00:01,neutral
2025-07-03 14:00:01,neutral
2025-07-03 14:00:01,neutral
2025-07-03 14:00:02,neutral
2025-07-03 14:00:02,neutral
2025-07-03 14:00:02,neutral
2025-07-03 14:00:02,neutral
2025-07-03 14:00:02,neutral
2025-07-03 14:00:02,neutral
2025-07-03 14:00:02,neutral
2025-07-03 14:00:02,neutral
2025-07-03 14:00:02,neutral
2025-07-03 14:00:02,neutral
2025-07-03 14:00:03,neutral
2025-07-03 14:00:03,neutral
2025-07-03 14:00:03,neutral
2025-07-03 14:00:03,neutral
2025-07-03 14:00:03,neutral
2025-07-03 14:00:03,neutral
2025-07-03 14:00:03,neutral
2025-07-03 14:00:04,neutral
2025-07-03 14:00:04,neutral
2025-07-03 14:00:04,neutral
2025-07-03 14:00:04,neutral
2025-07-03 14:00:04,neutral
2025-07-03 14:00:04,neutral
2025-07-03 14:00:04,neutral
2025-07-03 14:00:04,neutral
2025-07-03 14:00:04,neutral
2025-07-03 14:00:05,neutral
2025-07-03 14:00:05,neutral
2025-07-03 14:00:05,neutral
2025-07-03 14:00:05,neutral
2025-07-03 14:00:05,neutral
2025-07-03 14:00:05,neutral
2025-07-03 14:00:05,happy
2025-07-03 14:00:05,happy
2025-07-03 14:00:05,happy
2025-07-03 14:00:05,happy
2025-07-03 14:00:05,happy
2025-07-03 14:00:05,happy
2025-07-03 14:00:06,happy
2025-07-03 14:00:06,happy
2025-07-03 14:00:06,happy
2025-07-03 14:00:06,happy
2025-07-03 14:00:06,happy
2025-07-03 14:00:06,happy
2025-07-03 14:00:06,happy
2025-07-03 14:00:06,happy
2025-07-03 14:00:06,happy
2025-07-03 14:00:06,happy
2025-07-03 14:00:06,neutral
2025-07-03 14:00:06,neutral
2025-07-03 14:00:06,happy
2025-07-03 14:00:06,happy
2025-07-03 14:00:07,neutral
2025-07-03 14:00:07,neutral
2025-07-03 14:00:07,neutral
2025-07-03 14:00:07,neutral
2025-07-03 14:00:07,neutral
2025-07-03 14:00:07,neutral
2025-07-03 14:00:07,neutral
2025-07-03 14:00:07,neutral
2025-07-03 14:00:07,neutral
2025-07-03 14:00:07,neutral
2025-07-03 14:00:07,neutral
2025-07-03 14:00:07,neutral
2025-07-03 14:00:08,neutral
2025-07-03 14:00:08,neutral
2025-07-03 14:00:08,neutral
2025-07-03 14:00:08,neutral
2025-07-03 14:00:08,neutral
2025-07-03 14:00:08,neutral
2025-07-03 14:00:08,fear
2025-07-03 14:00:08,fear
2025-07-03 14:00:08,neutral
2025-07-03 14:00:08,neutral
2025-07-03 14:00:08,neutral
2025-07-03 14:00:08,neutral
2025-07-03 14:00:08,neutral
2025-07-03 14:00:08,neutral
2025-07-03 14:00:09,neutral
2025-07-03 14:00:09,neutral
2025-07-03 14:00:09,neutral
2025-07-03 14:00:09,neutral
2025-07-03 14:00:09,fear
2025-07-03 14:00:09,fear
2025-07-03 14:00:09,neutral
2025-07-03 14:00:09,neutral
2025-07-03 14:00:09,neutral
2025-07-03 14:00:09,neutral
2025-07-03 14:00:09,neutral
2025-07-03 14:00:09,neutral
2025-07-03 14:00:10,neutral
2025-07-03 14:00:10,neutral
2025-07-03 14:00:10,neutral
2025-07-03 14:00:10,neutral
2025-07-03 14:00:10,neutral
2025-07-03 14:00:10,neutral
2025-07-03 14:00:10,neutral
2025-07-03 14:00:10,neutral
2025-07-03 14:00:10,neutral
2025-07-03 14:00:10,neutral
2025-07-03 14:00:10,neutral
2025-07-03 14:00:10,neutral
2025-07-03 14:00:10,neutral
2025-07-03 14:00:10,neutral
2025-07-03 14:00:10,neutral
2025-07-03 14:00:10,neutral
2025-07-03 14:00:11,neutral
2025-07-03 14:00:11,neutral
2025-07-03 14:00:11,neutral
2025-07-03 14:00:11,neutral
2025-07-03 14:00:11,neutral
2025-07-03 14:00:11,neutral
2025-07-03 14:00:11,neutral
2025-07-03 14:00:11,neutral
2025-07-03 14:00:11,neutral
2025-07-03 14:00:11,neutral
2025-07-03 14:00:11,angry
2025-07-03 14:00:11,angry
2025-07-03 14:00:11,neutral
2025-07-03 14:00:11,neutral
2025-07-03 14:00:12,neutral
2025-07-03 14:00:12,neutral
2025-07-03 14:00:12,neutral
2025-07-03 14:00:12,neutral
2025-07-03 14:00:12,angry
2025-07-03 14:00:12,angry
2025-07-03 14:00:12,neutral
2025-07-03 14:00:12,neutral
2025-07-03 14:00:12,neutral
2025-07-03 14:00:12,neutral
2025-07-03 14:00:12,neutral
2025-07-03 14:00:12,neutral
2025-07-03 14:00:12,neutral
2025-07-03 14:00:12,neutral
2025-07-03 14:00:12,neutral
2025-07-03 14:00:12,neutral
2025-07-03 14:00:13,neutral
2025-07-03 14:00:13,neutral
2025-07-03 14:00:13,neutral
2025-07-03 14:00:13,neutral
2025-07-03 14:00:13,neutral
2025-07-03 14:00:13,neutral
2025-07-03 14:00:13,neutral
2025-07-03 14:00:13,neutral
2025-07-03 14:00:13,neutral
2025-07-03 14:00:13,neutral
2025-07-03 14:00:13,neutral
2025-07-03 14:00:13,neutral
2025-07-03 14:00:13,neutral
2025-07-03 14:00:13,neutral
2025-07-03 14:00:14,neutral
2025-07-03 14:00:14,neutral
2025-07-03 14:00:14,neutral
2025-07-03 14:00:14,neutral
2025-07-03 14:00:14,neutral
2025-07-03 14:00:14,neutral
2025-07-03 14:00:14,neutral
2025-07-03 14:00:14,neutral
2025-07-03 14:00:14,neutral
2025-07-03 14:00:14,neutral
2025-07-03 14:00:14,neutral
2025-07-03 14:00:14,neutral
2025-07-03 14:00:14,neutral
2025-07-03 14:00:14,neutral
2025-07-03 14:00:15,neutral
2025-07-03 14:00:15,neutral
2025-07-03 14:00:15,neutral
2025-07-03 14:00:15,neutral
2025-07-03 14:00:15,neutral
2025-07-03 14:00:15,neutral
2025-07-03 14:00:15,neutral
2025-07-03 14:00:15,neutral
2025-07-03 14:00:15,neutral
2025-07-03 14:00:15,neutral
2025-07-03 14:00:15,neutral
2025-07-03 14:00:15,neutral
2025-07-03 14:00:15,angry
2025-07-03 14:00:15,angry
2025-07-03 14:00:16,angry
2025-07-03 14:00:16,angry
2025-07-03 14:00:16,neutral
2025-07-03 14:00:16,neutral
2025-07-03 14:00:16,neutral
2025-07-03 14:00:16,neutral
2025-07-03 14:00:16,neutral
2025-07-03 14:00:16,neutral
2025-07-03 14:00:16,neutral
2025-07-03 14:00:16,neutral
2025-07-03 14:00:17,neutral
2025-07-03 14:00:17,neutral
2025-07-03 14:00:17,neutral
2025-07-03 14:00:17,neutral
2025-07-03 14:00:17,neutral
2025-07-03 14:00:17,neutral
2025-07-03 14:00:17,neutral
2025-07-03 14:00:17,neutral
2025-07-03 14:00:17,neutral
2025-07-03 14:00:17,neutral
2025-07-03 14:00:17,neutral
2025-07-03 14:00:17,neutral
2025-07-03 14:00:18,happy
2025-07-03 14:00:18,happy
2025-07-03 14:00:18,neutral
2025-07-03 14:00:18,neutral
2025-07-03 14:00:18,neutral
2025-07-03 14:00:18,neutral
2025-07-03 14:00:18,neutral
2025-07-03 14:00:18,neutral
2025-07-03 14:00:18,neutral
2025-07-03 14:00:18,neutral
2025-07-03 14:00:19,neutral
2025-07-03 14:00:19,neutral
2025-07-03 14:00:19,neutral
2025-07-03 14:00:19,neutral
2025-07-03 14:00:19,neutral
2025-07-03 14:00:19,neutral
2025-07-03 14:00:19,neutral
2025-07-03 14:00:19,neutral
2025-07-03 14:00:19,happy
2025-07-03 14:00:19,happy
2025-07-03 14:00:20,neutral
2025-07-03 14:00:20,neutral
2025-07-03 14:00:20,neutral
2025-07-03 14:00:20,neutral
2025-07-03 14:00:20,neutral
2025-07-03 14:00:20,neutral
2025-07-03 14:00:20,neutral
2025-07-03 14:00:20,neutral
2025-07-03 14:00:21,neutral
2025-07-03 14:00:21,neutral
2025-07-03 14:00:21,neutral
2025-07-03 14:00:21,neutral
2025-07-03 14:00:21,neutral
2025-07-03 14:00:21,neutral
2025-07-03 14:00:21,neutral
2025-07-03 14:00:21,neutral
2025-07-03 14:00:21,neutral
2025-07-03 14:00:21,neutral
2025-07-03 14:00:21,neutral
2025-07-03 14:00:21,neutral
2025-07-03 14:00:22,neutral
2025-07-03 14:00:22,neutral
2025-07-03 14:00:22,neutral
2025-07-03 14:00:22,neutral
2025-07-03 14:00:22,neutral
2025-07-03 14:00:22,neutral
2025-07-03 14:00:22,neutral
2025-07-03 14:00:22,neutral
2025-07-03 14:00:22,neutral
2025-07-03 14:00:22,neutral
2025-07-03 14:00:22,happy
2025-07-03 14:00:22,happy
2025-07-03 14:00:22,happy
2025-07-03 14:00:22,happy
2025-07-03 14:00:23,neutral
2025-07-03 14:00:23,neutral
2025-07-03 14:00:23,neutral
2025-07-03 14:00:23,neutral
2025-07-03 14:00:23,neutral
2025-07-03 14:00:23,neutral
2025-07-03 14:00:23,neutral
2025-07-03 14:00:23,neutral
2025-07-03 14:00:23,happy
2025-07-03 14:00:23,happy
2025-07-03 14:00:23,happy
2025-07-03 14:00:23,happy
2025-07-03 14:00:24,happy
2025-07-03 14:00:24,happy
2025-07-03 14:00:24,neutral
2025-07-03 14:00:24,neutral
2025-07-03 14:00:24,happy
2025-07-03 14:00:24,happy
2025-07-03 14:00:24,happy
2025-07-03 14:00:24,happy
2025-07-03 14:00:25,neutral
2025-07-03 14:00:25,neutral
2025-07-03 14:00:25,neutral
2025-07-03 14:00:25,neutral
2025-07-03 14:00:25,neutral
2025-07-03 14:00:25,neutral
2025-07-03 14:00:25,neutral
2025-07-03 14:00:25,neutral
2025-07-03 14:00:25,neutral
2025-07-03 14:00:25,neutral
2025-07-03 14:00:26,neutral
2025-07-03 14:00:26,neutral
2025-07-03 14:00:26,neutral
2025-07-03 14:00:26,neutral
2025-07-03 14:00:26,happy
2025-07-03 14:00:26,happy
2025-07-03 14:00:26,happy
2025-07-03 14:00:26,happy
2025-07-03 14:00:26,happy
2025-07-03 14:00:26,happy
2025-07-03 14:00:27,happy
2025-07-03 14:00:27,happy
2025-07-03 14:00:27,happy
2025-07-03 14:00:27,happy
2025-07-03 14:00:27,happy
2025-07-03 14:00:27,happy
2025-07-03 14:00:27,happy
2025-07-03 14:00:27,happy
2025-07-03 14:00:27,happy
2025-07-03 14:00:27,happy
2025-07-03 14:00:28,happy
2025-07-03 14:00:28,happy
2025-07-03 14:00:28,happy
2025-07-03 14:00:28,happy
2025-07-03 14:00:28,happy
2025-07-03 14:00:28,happy
2025-07-03 14:00:28,happy
2025-07-03 14:00:28,happy
2025-07-03 14:00:29,happy
2025-07-03 14:00:29,happy
2025-07-03 14:00:29,neutral
2025-07-03 14:00:29,neutral
2025-07-03 14:00:29,neutral
2025-07-03 14:00:29,neutral
2025-07-03 14:00:29,neutral
2025-07-03 14:00:29,neutral
2025-07-03 14:00:29,neutral
2025-07-03 14:00:29,neutral
2025-07-03 14:00:29,neutral
2025-07-03 14:00:29,neutral
2025-07-03 14:00:29,neutral
2025-07-03 14:00:29,neutral
2025-07-03 14:00:30,sad
2025-07-03 14:00:30,sad
2025-07-03 14:00:30,neutral
2025-07-03 14:00:30,neutral
2025-07-03 14:00:30,neutral
2025-07-03 14:00:30,neutral
2025-07-03 14:00:30,neutral
2025-07-03 14:00:30,neutral
2025-07-03 14:00:31,neutral
2025-07-03 14:00:31,neutral
2025-07-03 14:00:31,neutral
2025-07-03 14:00:31,neutral
2025-07-03 14:00:31,neutral
2025-07-03 14:00:31,neutral
2025-07-03 14:00:31,neutral
2025-07-03 14:00:31,neutral
2025-07-03 14:00:32,happy
2025-07-03 14:00:32,happy
2025-07-03 14:00:32,happy
2025-07-03 14:00:32,happy
2025-07-03 14:00:32,happy
2025-07-03 14:00:32,happy
2025-07-03 14:00:32,happy
2025-07-03 14:00:32,happy
2025-07-03 14:00:32,happy
2025-07-03 14:00:32,happy
2025-07-03 14:00:32,happy
2025-07-03 14:00:32,happy
2025-07-03 14:00:32,happy
2025-07-03 14:00:32,happy
2025-07-03 14:00:33,happy
2025-07-03 14:00:33,happy
2025-07-03 14:00:33,happy
2025-07-03 14:00:33,happy
2025-07-03 14:00:33,happy
2025-07-03 14:00:33,happy
2025-07-03 14:00:33,happy
2025-07-03 14:00:33,happy
2025-07-03 14:00:33,happy
2025-07-03 14:00:33,happy
2025-07-03 14:00:33,happy
2025-07-03 14:00:33,happy
2025-07-03 14:00:33,happy
2025-07-03 14:00:33,happy
2025-07-03 14:00:33,happy
2025-07-03 14:00:33,happy
2025-07-03 14:00:33,happy
2025-07-03 14:00:33,happy
2025-07-03 14:00:34,happy
2025-07-03 14:00:34,happy
2025-07-03 14:00:34,happy
2025-07-03 14:00:34,happy
2025-07-03 14:00:34,neutral
2025-07-03 14:00:34,neutral
2025-07-03 14:00:34,neutral
2025-07-03 14:00:34,neutral
2025-07-03 14:00:34,neutral
2025-07-03 14:00:34,neutral
2025-07-03 14:00:34,neutral
2025-07-03 14:00:34,neutral
2025-07-03 14:00:34,neutral
2025-07-03 14:00:34,neutral
2025-07-03 14:00:35,neutral
2025-07-03 14:00:35,neutral
2025-07-03 14:00:35,neutral
2025-07-03 14:00:35,neutral
2025-07-03 14:00:35,neutral
2025-07-03 14:00:35,neutral
2025-07-03 14:00:35,neutral
2025-07-03 14:00:35,neutral
2025-07-03 14:00:35,neutral
2025-07-03 14:00:35,neutral
2025-07-03 14:00:35,happy
2025-07-03 14:00:35,happy
2025-07-03 14:00:36,happy
2025-07-03 14:00:36,happy
2025-07-03 14:00:36,happy
2025-07-03 14:00:36,happy
2025-07-03 14:00:36,happy
2025-07-03 14:00:36,happy
2025-07-03 14:00:36,happy
2025-07-03 14:00:36,happy
2025-07-03 14:00:36,happy
2025-07-03 14:00:36,happy
2025-07-03 14:00:36,happy
2025-07-03 14:00:36,happy
2025-07-03 14:00:36,happy
2025-07-03 14:00:36,happy
2025-07-03 14:00:36,happy
2025-07-03 14:00:36,happy
2025-07-03 14:00:37,happy
2025-07-03 14:00:37,happy
2025-07-03 14:00:37,happy
2025-07-03 14:00:37,happy
2025-07-03 14:00:37,happy
2025-07-03 14:00:37,happy
2025-07-03 14:00:37,happy
2025-07-03 14:00:37,happy
2025-07-03 14:00:37,happy
2025-07-03 14:00:37,happy
2025-07-03 14:00:37,happy
2025-07-03 14:00:37,happy
2025-07-03 14:00:37,happy
2025-07-03 14:00:37,happy
2025-07-03 14:00:38,happy
2025-07-03 14:00:38,happy
2025-07-03 14:00:38,happy
2025-07-03 14:00:38,happy
2025-07-03 14:00:38,happy
2025-07-03 14:00:38,happy
2025-07-03 14:00:38,happy
2025-07-03 14:00:38,happy
2025-07-03 14:00:38,happy
2025-07-03 14:00:38,happy
2025-07-03 14:00:38,sad
2025-07-03 14:00:38,sad
2025-07-03 14:00:39,happy
2025-07-03 14:00:39,happy
2025-07-03 14:00:39,happy
2025-07-03 14:00:39,happy
2025-07-03 14:00:39,happy
2025-07-03 14:00:39,happy
2025-07-03 14:00:39,happy
2025-07-03 14:00:39,happy
2025-07-03 14:00:39,happy
2025-07-03 14:00:39,happy
2025-07-03 14:00:39,happy
2025-07-03 14:00:39,happy
2025-07-03 14:00:40,happy
2025-07-03 14:00:40,happy
2025-07-03 14:00:40,happy
2025-07-03 14:00:40,happy
2025-07-03 14:00:40,happy
2025-07-03 14:00:40,happy
2025-07-03 14:00:40,happy
2025-07-03 14:00:40,happy
2025-07-03 14:00:40,sad
2025-07-03 14:00:40,sad
2025-07-03 14:00:41,sad
2025-07-03 14:00:41,sad
2025-07-03 14:00:41,happy
2025-07-03 14:00:41,happy
2025-07-03 14:00:41,happy
2025-07-03 14:00:41,happy
2025-07-03 14:00:41,happy
2025-07-03 14:00:41,happy
2025-07-03 14:00:41,happy
2025-07-03 14:00:41,happy
2025-07-03 14:00:41,neutral
2025-07-03 14:00:41,neutral
2025-07-03 14:00:41,happy
2025-07-03 14:00:41,happy
2025-07-03 14:00:42,neutral
2025-07-03 14:00:42,neutral
2025-07-03 14:00:42,neutral
2025-07-03 14:00:42,neutral
2025-07-03 14:00:42,happy
2025-07-03 14:00:42,happy
2025-07-03 14:00:42,happy
2025-07-03 14:00:42,happy
2025-07-03 14:00:42,neutral
2025-07-03 14:00:42,neutral
2025-07-03 14:00:42,happy
2025-07-03 14:00:42,happy
2025-07-03 14:00:42,happy
2025-07-03 14:00:42,happy
2025-07-03 14:00:43,happy
2025-07-03 14:00:43,happy
2025-07-03 14:00:43,neutral
2025-07-03 14:00:43,neutral
2025-07-03 14:00:43,neutral
2025-07-03 14:00:43,neutral
2025-07-03 14:00:43,neutral
2025-07-03 14:00:43,neutral
2025-07-03 14:00:44,neutral
2025-07-03 14:00:44,neutral
2025-07-03 14:00:44,neutral
2025-07-03 14:00:44,neutral
2025-07-03 14:00:44,neutral
2025-07-03 14:00:44,neutral
2025-07-03 14:00:44,neutral
2025-07-03 14:00:44,neutral
2025-07-03 14:00:44,neutral
2025-07-03 14:00:44,neutral
2025-07-03 14:00:44,happy
2025-07-03 14:00:44,happy
2025-07-03 14:00:45,happy
2025-07-03 14:00:45,happy
2025-07-03 14:00:45,happy
2025-07-03 14:00:45,happy
2025-07-03 14:00:45,happy
2025-07-03 14:00:45,happy
2025-07-03 14:00:45,happy
2025-07-03 14:00:45,happy
2025-07-03 14:00:46,happy
2025-07-03 14:00:46,happy
2025-07-03 14:00:46,happy
2025-07-03 14:00:46,happy
2025-07-03 14:00:46,neutral
2025-07-03 14:00:46,neutral
2025-07-03 14:00:46,neutral
2025-07-03 14:00:46,neutral
2025-07-03 14:00:46,neutral
2025-07-03 14:00:46,neutral
2025-07-03 14:00:46,neutral
2025-07-03 14:00:46,neutral
2025-07-03 14:00:47,neutral
2025-07-03 14:00:47,neutral
2025-07-03 14:00:47,neutral
2025-07-03 14:00:47,neutral
2025-07-03 14:00:47,neutral
2025-07-03 14:00:47,neutral
2025-07-03 14:00:47,neutral
2025-07-03 14:00:47,neutral
2025-07-03 14:00:47,fear
2025-07-03 14:00:47,fear
2025-07-03 14:00:47,fear
2025-07-03 14:00:47,fear
2025-07-03 14:00:47,fear
2025-07-03 14:00:47,fear
2025-07-03 14:00:47,fear
2025-07-03 14:00:47,fear
2025-07-03 14:00:48,fear
2025-07-03 14:00:48,fear
2025-07-03 14:00:48,fear
2025-07-03 14:00:48,fear
2025-07-03 14:00:48,fear
2025-07-03 14:00:48,fear
2025-07-03 14:00:48,fear
2025-07-03 14:00:48,fear
2025-07-03 14:00:48,fear
2025-07-03 14:00:48,fear
2025-07-03 14:00:48,fear
2025-07-03 14:00:48,fear
2025-07-03 14:00:48,fear
2025-07-03 14:00:48,fear
2025-07-03 14:00:48,sad
2025-07-03 14:00:48,sad
2025-07-03 14:00:48,fear
2025-07-03 14:00:48,fear
2025-07-03 14:00:48,fear
2025-07-03 14:00:48,fear
2025-07-03 14:00:49,sad
2025-07-03 14:00:49,sad
2025-07-03 14:00:49,sad
2025-07-03 14:00:49,sad
2025-07-03 14:00:49,sad
2025-07-03 14:00:49,sad
2025-07-03 14:00:49,fear
2025-07-03 14:00:49,fear
2025-07-03 14:00:49,sad
2025-07-03 14:00:49,sad
2025-07-03 14:00:49,sad
2025-07-03 14:00:49,sad
2025-07-03 14:00:49,sad
2025-07-03 14:00:49,sad
2025-07-03 14:00:49,sad
2025-07-03 14:00:49,sad
2025-07-03 14:00:49,sad
2025-07-03 14:00:49,sad
2025-07-03 14:00:49,sad
2025-07-03 14:00:49,sad
2025-07-03 14:00:50,sad
2025-07-03 14:00:50,sad
2025-07-03 14:00:50,sad
2025-07-03 14:00:50,sad
2025-07-03 14:00:50,fear
2025-07-03 14:00:50,fear
2025-07-03 14:00:50,fear
2025-07-03 14:00:50,fear
2025-07-03 14:00:50,surprise
2025-07-03 14:00:50,surprise
2025-07-03 14:00:50,surprise
2025-07-03 14:00:50,surprise
2025-07-03 14:00:51,sad
2025-07-03 14:00:51,sad
2025-07-03 14:00:51,sad
2025-07-03 14:00:51,sad
2025-07-03 14:00:51,sad
2025-07-03 14:00:51,sad
2025-07-03 14:00:51,fear
2025-07-03 14:00:51,fear
2025-07-03 14:00:51,sad
2025-07-03 14:00:51,sad
2025-07-03 14:00:51,sad
2025-07-03 14:00:51,sad
2025-07-03 14:00:51,sad
2025-07-03 14:00:51,sad
2025-07-03 14:00:51,fear
2025-07-03 14:00:51,fear
2025-07-03 14:00:52,neutral
2025-07-03 14:00:52,neutral
2025-07-03 14:00:52,neutral
2025-07-03 14:00:52,neutral
2025-07-03 14:00:52,fear
2025-07-03 14:00:52,fear
2025-07-03 14:00:52,sad
2025-07-03 14:00:52,sad
2025-07-03 14:00:52,sad
2025-07-03 14:00:52,sad
2025-07-03 14:00:52,sad
2025-07-03 14:00:52,sad
2025-07-03 14:00:52,fear
2025-07-03 14:00:52,fear
2025-07-03 14:00:52,fear
2025-07-03 14:00:52,fear
2025-07-03 14:00:52,sad
2025-07-03 14:00:52,sad
2025-07-03 14:00:53,neutral
2025-07-03 14:00:53,neutral
2025-07-03 14:00:53,neutral
2025-07-03 14:00:53,neutral
2025-07-03 14:00:53,neutral
2025-07-03 14:00:53,neutral
2025-07-03 14:00:53,neutral
2025-07-03 14:00:53,neutral
2025-07-03 14:00:53,happy
2025-07-03 14:00:53,happy
2025-07-03 14:00:53,sad
2025-07-03 14:00:53,sad
2025-07-03 14:00:54,neutral
2025-07-03 14:00:54,neutral
2025-07-03 14:00:54,neutral
2025-07-03 14:00:54,neutral
2025-07-03 14:00:54,neutral
2025-07-03 14:00:54,neutral
2025-07-03 14:00:54,neutral
2025-07-03 14:00:54,neutral
2025-07-03 14:00:54,neutral
2025-07-03 14:00:54,neutral
2025-07-03 14:00:54,neutral
2025-07-03 14:00:54,neutral
2025-07-03 14:00:54,neutral
2025-07-03 14:00:54,neutral
2025-07-03 14:00:54,neutral
2025-07-03 14:00:54,neutral
2025-07-03 14:00:55,surprise
2025-07-03 14:00:55,surprise
2025-07-03 14:00:55,surprise
2025-07-03 14:00:55,surprise
2025-07-03 14:00:55,surprise
2025-07-03 14:00:55,surprise
2025-07-03 14:00:55,neutral
2025-07-03 14:00:55,neutral
2025-07-03 14:00:55,surprise
2025-07-03 14:00:55,surprise
2025-07-03 14:00:55,surprise
2025-07-03 14:00:55,surprise
2025-07-03 14:00:55,surprise
2025-07-03 14:00:55,surprise
2025-07-03 14:00:55,surprise
2025-07-03 14:00:55,surprise
2025-07-03 14:00:56,surprise
2025-07-03 14:00:56,surprise
2025-07-03 14:00:56,surprise
2025-07-03 14:00:56,surprise
2025-07-03 14:00:56,surprise
2025-07-03 14:00:56,surprise
2025-07-03 14:00:56,surprise
2025-07-03 14:00:56,surprise
2025-07-03 14:00:56,surprise
2025-07-03 14:00:56,surprise
2025-07-03 14:00:56,surprise
2025-07-03 14:00:56,surprise
2025-07-03 14:00:56,surprise
2025-07-03 14:00:56,surprise
2025-07-03 14:00:56,surprise
2025-07-03 14:00:56,surprise
2025-07-03 14:00:57,surprise
2025-07-03 14:00:57,surprise
2025-07-03 14:00:57,surprise
2025-07-03 14:00:57,surprise
2025-07-03 14:00:57,surprise
2025-07-03 14:00:57,surprise
2025-07-03 14:00:57,neutral
2025-07-03 14:00:57,neutral
2025-07-03 14:00:57,neutral
2025-07-03 14:00:57,neutral
2025-07-03 14:00:57,neutral
2025-07-03 14:00:57,neutral
2025-07-03 14:00:57,happy
2025-07-03 14:00:57,happy
2025-07-03 14:00:58,happy
2025-07-03 14:00:58,happy
2025-07-03 14:00:58,happy
2025-07-03 14:00:58,happy
2025-07-03 14:00:58,happy
2025-07-03 14:00:58,happy
2025-07-03 14:00:58,neutral
2025-07-03 14:00:58,neutral
2025-07-03 14:00:58,neutral
2025-07-03 14:00:58,neutral
2025-07-03 14:00:58,neutral
2025-07-03 14:00:58,neutral
2025-07-03 14:00:58,neutral
2025-07-03 14:00:58,neutral
2025-07-03 14:00:58,neutral
2025-07-03 14:00:58,neutral
2025-07-03 14:00:59,neutral
2025-07-03 14:00:59,neutral
2025-07-03 14:00:59,neutral
2025-07-03 14:00:59,neutral
2025-07-03 14:00:59,neutral
2025-07-03 14:00:59,neutral
2025-07-03 14:00:59,neutral
2025-07-03 14:00:59,neutral
2025-07-03 14:00:59,neutral
2025-07-03 14:00:59,neutral
2025-07-03 14:00:59,neutral
2025-07-03 14:00:59,neutral
2025-07-03 14:00:59,neutral
2025-07-03 14:00:59,neutral
2025-07-03 14:01:00,neutral
2025-07-03 14:01:00,neutral
2025-07-03 14:01:00,neutral
2025-07-03 14:01:00,neutral
2025-07-03 14:01:00,neutral
2025-07-03 14:01:00,neutral
2025-07-03 14:01:00,happy
2025-07-03 14:01:00,happy
2025-07-03 14:01:00,happy
2025-07-03 14:01:00,happy
2025-07-03 14:01:00,happy
2025-07-03 14:01:00,happy
2025-07-03 14:01:01,fear
2025-07-03 14:01:01,fear
2025-07-03 14:01:01,fear
2025-07-03 14:01:01,fear
2025-07-03 14:01:01,fear
2025-07-03 14:01:01,fear
2025-07-03 14:01:01,fear
2025-07-03 14:01:01,fear
2025-07-03 14:01:01,happy
2025-07-03 14:01:01,happy
2025-07-03 14:01:01,neutral
2025-07-03 14:01:01,neutral
2025-07-03 14:01:02,neutral
2025-07-03 14:01:02,neutral
2025-07-03 14:01:02,neutral
2025-07-03 14:01:02,neutral
2025-07-03 14:01:02,fear
2025-07-03 14:01:02,fear
2025-07-03 14:01:02,neutral
2025-07-03 14:01:02,neutral
2025-07-03 14:01:02,neutral
2025-07-03 14:01:02,neutral
2025-07-03 14:01:02,neutral
2025-07-03 14:01:02,neutral
2025-07-03 14:01:03,neutral
2025-07-03 14:01:03,neutral
2025-07-03 14:01:03,neutral
2025-07-03 14:01:03,neutral
2025-07-03 14:01:03,neutral
2025-07-03 14:01:03,neutral
2025-07-03 14:01:03,neutral
2025-07-03 14:01:03,neutral
2025-07-03 14:01:03,neutral
2025-07-03 14:01:03,neutral
2025-07-03 14:01:03,neutral
2025-07-03 14:01:03,neutral
2025-07-03 14:01:04,neutral
2025-07-03 14:01:04,neutral
2025-07-03 14:01:04,happy
2025-07-03 14:01:04,happy
2025-07-03 14:01:04,happy
2025-07-03 14:01:04,happy
2025-07-03 14:01:04,neutral
2025-07-03 14:01:04,neutral
2025-07-03 14:01:04,neutral
2025-07-03 14:01:04,neutral
2025-07-03 14:01:05,neutral
2025-07-03 14:01:05,neutral
2025-07-03 14:01:05,neutral
2025-07-03 14:01:05,neutral
2025-07-03 14:01:05,neutral
2025-07-03 14:01:05,neutral
2025-07-03 14:01:05,neutral
2025-07-03 14:01:05,neutral
2025-07-03 14:01:05,neutral
2025-07-03 14:01:05,neutral
2025-07-03 14:01:05,neutral
2025-07-03 14:01:05,neutral
2025-07-03 14:01:05,sad
2025-07-03 14:01:05,sad
2025-07-03 14:01:05,neutral
2025-07-03 14:01:05,neutral
2025-07-03 14:01:06,neutral
2025-07-03 14:01:06,neutral
2025-07-03 14:01:06,angry
2025-07-03 14:01:06,angry
2025-07-03 14:01:06,neutral
2025-07-03 14:01:06,neutral
2025-07-03 14:01:06,neutral
2025-07-03 14:01:06,neutral
2025-07-03 14:01:06,neutral
2025-07-03 14:01:06,neutral
2025-07-03 14:01:06,neutral
2025-07-03 14:01:06,neutral
2025-07-03 14:01:06,neutral
2025-07-03 14:01:06,neutral
2025-07-03 14:01:06,neutral
2025-07-03 14:01:06,neutral
2025-07-03 14:01:06,neutral
2025-07-03 14:01:06,neutral
2025-07-03 14:01:07,neutral
2025-07-03 14:01:07,neutral
2025-07-03 14:01:07,sad
2025-07-03 14:01:07,sad
2025-07-03 14:01:07,neutral
2025-07-03 14:01:07,neutral
2025-07-03 14:01:07,neutral
2025-07-03 14:01:07,neutral
2025-07-03 14:01:07,neutral
2025-07-03 14:01:07,neutral
2025-07-03 14:01:07,sad
2025-07-03 14:01:07,sad
2025-07-03 14:01:07,neutral
2025-07-03 14:01:07,neutral
2025-07-03 14:01:07,neutral
2025-07-03 14:01:07,neutral
2025-07-03 14:01:08,neutral
2025-07-03 14:01:08,neutral
2025-07-03 14:01:08,neutral
2025-07-03 14:01:08,neutral
2025-07-03 14:01:08,neutral
2025-07-03 14:01:08,neutral
2025-07-03 14:01:08,sad
2025-07-03 14:01:08,sad
2025-07-03 14:01:08,neutral
2025-07-03 14:01:08,neutral
2025-07-03 14:01:08,neutral
2025-07-03 14:01:08,neutral
2025-07-03 14:01:08,happy
2025-07-03 14:01:08,happy
2025-07-03 14:01:09,sad
2025-07-03 14:01:09,sad
2025-07-03 14:01:09,sad
2025-07-03 14:01:09,sad
2025-07-03 14:01:09,angry
2025-07-03 14:01:09,angry
2025-07-03 14:01:09,neutral
2025-07-03 14:01:09,neutral
2025-07-03 14:01:09,happy
2025-07-03 14:01:09,happy
2025-07-03 14:01:09,happy
2025-07-03 14:01:09,happy
2025-07-03 14:01:10,happy
2025-07-03 14:01:10,happy
2025-07-03 14:01:10,happy
2025-07-03 14:01:10,happy
2025-07-03 14:01:10,happy
2025-07-03 14:01:10,happy
2025-07-03 14:01:10,happy
2025-07-03 14:01:10,happy
2025-07-03 14:01:10,happy
2025-07-03 14:01:10,happy
2025-07-03 14:01:10,sad
2025-07-03 14:01:10,sad
2025-07-03 14:01:11,happy
2025-07-03 14:01:11,happy
2025-07-03 14:01:11,happy
2025-07-03 14:01:11,happy
2025-07-03 14:01:11,happy
2025-07-03 14:01:11,happy
2025-07-03 14:01:11,happy
2025-07-03 14:01:11,happy
2025-07-03 14:01:11,happy
2025-07-03 14:01:11,happy
2025-07-03 16:53:17,happy
2025-07-03 16:53:17,happy
2025-07-03 16:53:17,sad
2025-07-03 16:53:17,sad
2025-07-03 16:53:17,happy
2025-07-03 16:53:17,happy
2025-07-03 16:53:18,neutral
2025-07-03 16:53:18,neutral
2025-07-03 16:53:18,sad
2025-07-03 16:53:18,sad
2025-07-03 16:53:18,sad
2025-07-03 16:53:18,sad
2025-07-03 16:53:18,fear
2025-07-03 16:53:18,fear
2025-07-03 16:53:18,sad
2025-07-03 16:53:18,sad
2025-07-03 16:53:18,happy
2025-07-03 16:53:18,happy
2025-07-03 16:53:18,sad
2025-07-03 16:53:18,sad
2025-07-03 16:53:18,sad
2025-07-03 16:53:18,sad
2025-07-03 16:53:18,sad
2025-07-03 16:53:18,sad
2025-07-03 16:53:18,happy
2025-07-03 16:53:18,happy
2025-07-03 16:53:18,sad
2025-07-03 16:53:18,sad
2025-07-03 16:53:18,sad
2025-07-03 16:53:18,sad
2025-07-03 16:53:18,sad
2025-07-03 16:53:18,sad
2025-07-03 16:53:19,sad
2025-07-03 16:53:19,sad
2025-07-03 16:53:19,sad
2025-07-03 16:53:19,sad
2025-07-03 16:53:19,happy
2025-07-03 16:53:19,happy
2025-07-03 16:53:19,neutral
2025-07-03 16:53:19,neutral
2025-07-03 16:53:19,sad
2025-07-03 16:53:19,sad
2025-07-03 16:53:19,sad
2025-07-03 16:53:19,sad
2025-07-03 16:53:19,sad
2025-07-03 16:53:19,sad
2025-07-03 16:53:19,sad
2025-07-03 16:53:19,sad
2025-07-03 16:53:19,sad
2025-07-03 16:53:19,sad
2025-07-03 16:53:19,happy
2025-07-03 16:53:19,happy
2025-07-03 16:53:19,happy
2025-07-03 16:53:19,happy
2025-07-03 16:53:19,sad
2025-07-03 16:53:19,sad
2025-07-03 16:53:19,sad
2025-07-03 16:53:19,sad
2025-07-03 16:53:19,sad
2025-07-03 16:53:19,sad
2025-07-03 16:53:20,sad
2025-07-03 16:53:20,sad
2025-07-03 16:53:20,neutral
2025-07-03 16:53:20,neutral
2025-07-03 16:53:20,neutral
2025-07-03 16:53:20,neutral
2025-07-03 16:53:20,sad
2025-07-03 16:53:20,sad
2025-07-03 16:53:20,sad
2025-07-03 16:53:20,sad
2025-07-03 16:53:20,sad
2025-07-03 16:53:20,sad
2025-07-03 16:53:20,sad
2025-07-03 16:53:20,sad
2025-07-03 16:53:20,happy
2025-07-03 16:53:20,happy
2025-07-03 16:53:20,happy
2025-07-03 16:53:20,happy
2025-07-03 16:53:20,happy
2025-07-03 16:53:20,happy
2025-07-03 16:53:20,happy
2025-07-03 16:53:20,happy
2025-07-03 16:53:20,happy
2025-07-03 16:53:20,happy
2025-07-03 16:53:20,happy
2025-07-03 16:53:20,happy
2025-07-03 16:53:20,happy
2025-07-03 16:53:20,happy
2025-07-03 16:53:21,happy
2025-07-03 16:53:21,happy
2025-07-03 16:53:21,happy
2025-07-03 16:53:21,happy
2025-07-03 16:53:21,neutral
2025-07-03 16:53:21,neutral
2025-07-03 16:53:21,happy
2025-07-03 16:53:21,happy
2025-07-03 16:53:21,happy
2025-07-03 16:53:21,happy
2025-07-03 16:53:21,happy
2025-07-03 16:53:21,happy
2025-07-03 16:53:21,happy
2025-07-03 16:53:21,happy
2025-07-03 16:53:21,happy
2025-07-03 16:53:21,happy
2025-07-03 16:53:21,happy
2025-07-03 16:53:21,happy
2025-07-03 16:53:21,happy
2025-07-03 16:53:21,happy
2025-07-03 16:53:21,happy
2025-07-03 16:53:21,happy
2025-07-03 16:53:21,happy
2025-07-03 16:53:21,happy
2025-07-03 16:53:21,sad
2025-07-03 16:53:21,sad
2025-07-03 16:53:21,happy
2025-07-03 16:53:21,happy
2025-07-03 16:53:22,neutral
2025-07-03 16:53:22,neutral
2025-07-03 16:53:22,happy
2025-07-03 16:53:22,happy
2025-07-03 16:53:22,sad
2025-07-03 16:53:22,sad
2025-07-03 16:53:22,sad
2025-07-03 16:53:22,sad
2025-07-03 16:53:22,sad
2025-07-03 16:53:22,sad
2025-07-03 16:53:22,sad
2025-07-03 16:53:22,sad
2025-07-03 16:53:22,sad
2025-07-03 16:53:22,sad
2025-07-03 16:53:22,sad
2025-07-03 16:53:22,sad
2025-07-03 16:53:22,sad
2025-07-03 16:53:22,sad
2025-07-03 16:53:22,sad
2025-07-03 16:53:22,sad
2025-07-03 16:53:23,happy
2025-07-03 16:53:23,happy
2025-07-03 16:53:23,sad
2025-07-03 16:53:23,sad
2025-07-03 16:53:23,sad
2025-07-03 16:53:23,sad
2025-07-03 16:53:23,happy
2025-07-03 16:53:23,happy
2025-07-03 16:53:23,happy
2025-07-03 16:53:23,happy
2025-07-03 16:53:23,happy
2025-07-03 16:53:23,happy
2025-07-03 16:53:23,happy
2025-07-03 16:53:23,happy
2025-07-03 16:53:23,angry
2025-07-03 16:53:23,angry
2025-07-03 16:53:24,happy
2025-07-03 16:53:24,happy
2025-07-03 16:53:24,happy
2025-07-03 16:53:24,happy
2025-07-03 16:53:24,angry
2025-07-03 16:53:24,angry
2025-07-03 16:53:24,angry
2025-07-03 16:53:24,angry
2025-07-03 16:53:24,happy
2025-07-03 16:53:24,happy
2025-07-03 16:53:24,neutral
2025-07-03 16:53:24,neutral
2025-07-03 16:53:24,neutral
2025-07-03 16:53:24,neutral
2025-07-03 16:53:24,neutral
2025-07-03 16:53:24,neutral
2025-07-03 16:53:24,neutral
2025-07-03 16:53:24,neutral
2025-07-03 16:53:24,sad
2025-07-03 16:53:24,sad
2025-07-03 16:53:25,neutral
2025-07-03 16:53:25,neutral
2025-07-03 16:53:25,neutral
2025-07-03 16:53:25,neutral
2025-07-03 16:53:25,neutral
2025-07-03 16:53:25,neutral
2025-07-03 16:53:25,neutral
2025-07-03 16:53:25,neutral
2025-07-03 16:53:25,neutral
2025-07-03 16:53:25,neutral
2025-07-03 16:53:25,neutral
2025-07-03 16:53:25,neutral
2025-07-03 16:53:25,neutral
2025-07-03 16:53:25,neutral
2025-07-03 16:53:25,neutral
2025-07-03 16:53:25,neutral
2025-07-03 16:53:26,neutral
2025-07-03 16:53:26,neutral
2025-07-03 16:53:26,neutral
2025-07-03 16:53:26,neutral
2025-07-03 16:53:26,neutral
2025-07-03 16:53:26,neutral
2025-07-03 16:53:26,neutral
2025-07-03 16:53:26,neutral
2025-07-03 16:53:26,neutral
2025-07-03 16:53:26,neutral
2025-07-03 16:53:27,neutral
2025-07-03 16:53:27,neutral
2025-07-03 16:53:27,neutral
2025-07-03 16:53:27,neutral
2025-07-03 16:53:27,neutral
2025-07-03 16:53:27,neutral
2025-07-03 16:53:27,neutral
2025-07-03 16:53:27,neutral
2025-07-03 16:53:27,neutral
2025-07-03 16:53:27,neutral
2025-07-03 16:53:27,neutral
2025-07-03 16:53:27,neutral
2025-07-03 16:53:27,neutral
2025-07-03 16:53:27,neutral
2025-07-03 16:53:28,neutral
2025-07-03 16:53:28,neutral
2025-07-03 16:53:28,neutral
2025-07-03 16:53:28,neutral
2025-07-03 16:53:28,neutral
2025-07-03 16:53:28,neutral
2025-07-03 16:53:28,neutral
2025-07-03 16:53:28,neutral
2025-07-03 16:53:28,neutral
2025-07-03 16:53:28,neutral
2025-07-03 16:53:28,neutral
2025-07-03 16:53:28,neutral
2025-07-03 16:53:28,neutral
2025-07-03 16:53:28,neutral
2025-07-03 16:53:29,neutral
2025-07-03 16:53:29,neutral
2025-07-03 16:53:29,neutral
2025-07-03 16:53:29,neutral
2025-07-03 16:53:29,neutral
2025-07-03 16:53:29,neutral
2025-07-03 16:53:29,neutral
2025-07-03 16:53:29,neutral
2025-07-03 16:53:29,neutral
2025-07-03 16:53:29,neutral
2025-07-03 16:53:29,neutral
2025-07-03 16:53:29,neutral
2025-07-03 16:53:29,neutral
2025-07-03 16:53:29,neutral
2025-07-03 16:53:30,neutral
2025-07-03 16:53:30,neutral
2025-07-03 16:53:30,neutral
2025-07-03 16:53:30,neutral
2025-07-03 16:53:30,neutral
2025-07-03 16:53:30,neutral
2025-07-03 16:53:30,neutral
2025-07-03 16:53:30,neutral
2025-07-03 16:53:30,neutral
2025-07-03 16:53:30,neutral
2025-07-03 16:53:30,neutral
2025-07-03 16:53:30,neutral
2025-07-03 16:53:31,neutral
2025-07-03 16:53:31,neutral
2025-07-03 16:53:31,neutral
2025-07-03 16:53:31,neutral
2025-07-03 16:53:31,neutral
2025-07-03 16:53:31,neutral
2025-07-03 16:53:31,neutral
2025-07-03 16:53:31,neutral
2025-07-03 16:53:31,neutral
2025-07-03 16:53:31,neutral
2025-07-03 16:53:31,neutral
2025-07-03 16:53:31,neutral
2025-07-03 16:53:31,neutral
2025-07-03 16:53:31,neutral
2025-07-03 16:53:32,neutral
2025-07-03 16:53:32,neutral
2025-07-03 16:53:32,neutral
2025-07-03 16:53:32,neutral
2025-07-03 16:53:32,neutral
2025-07-03 16:53:32,neutral
2025-07-03 16:53:32,neutral
2025-07-03 16:53:32,neutral
2025-07-03 16:53:32,neutral
2025-07-03 16:53:32,neutral
2025-07-03 16:53:32,neutral
2025-07-03 16:53:32,neutral
2025-07-03 16:53:32,neutral
2025-07-03 16:53:32,neutral
2025-07-03 16:53:33,neutral
2025-07-03 16:53:33,neutral
2025-07-03 16:53:33,neutral
2025-07-03 16:53:33,neutral
2025-07-03 16:53:33,neutral
2025-07-03 16:53:33,neutral
2025-07-03 16:53:33,neutral
2025-07-03 16:53:33,neutral
2025-07-03 16:53:33,happy
2025-07-03 16:53:33,happy
2025-07-03 16:53:33,happy
2025-07-03 16:53:33,happy
2025-07-03 16:53:34,happy
2025-07-03 16:53:34,happy
2025-07-03 16:53:34,happy
2025-07-03 16:53:34,happy
2025-07-03 16:53:34,happy
2025-07-03 16:53:34,happy
2025-07-03 16:53:34,neutral
2025-07-03 16:53:34,neutral
2025-07-03 16:53:34,happy
2025-07-03 16:53:34,happy
2025-07-03 16:53:34,happy
2025-07-03 16:53:34,happy
2025-07-03 16:53:34,happy
2025-07-03 16:53:34,happy
2025-07-03 16:53:34,happy
2025-07-03 16:53:34,happy
2025-07-03 16:53:34,happy
2025-07-03 16:53:34,happy
2025-07-03 16:53:34,happy
2025-07-03 16:53:34,happy
2025-07-03 16:53:35,happy
2025-07-03 16:53:35,happy
2025-07-03 16:53:35,happy
2025-07-03 16:53:35,happy
2025-07-03 16:53:35,happy
2025-07-03 16:53:35,happy
2025-07-03 16:53:35,happy
2025-07-03 16:53:35,happy
2025-07-03 16:53:35,happy
2025-07-03 16:53:35,happy
2025-07-03 16:53:35,neutral
2025-07-03 16:53:35,neutral
2025-07-03 16:53:35,sad
2025-07-03 16:53:35,sad
2025-07-03 16:53:35,neutral
2025-07-03 16:53:35,neutral
2025-07-03 16:53:35,sad
2025-07-03 16:53:35,sad
2025-07-03 16:53:35,sad
2025-07-03 16:53:35,sad
2025-07-03 16:53:36,sad
2025-07-03 16:53:36,sad
2025-07-03 16:53:36,sad
2025-07-03 16:53:36,sad
2025-07-03 16:53:36,sad
2025-07-03 16:53:36,sad
2025-07-03 16:53:36,sad
2025-07-03 16:53:36,sad
2025-07-03 16:53:36,sad
2025-07-03 16:53:36,sad
2025-07-03 16:53:36,sad
2025-07-03 16:53:36,sad
2025-07-03 16:53:36,sad
2025-07-03 16:53:36,sad
2025-07-03 16:53:36,sad
2025-07-03 16:53:36,sad
2025-07-03 16:53:36,sad
2025-07-03 16:53:36,sad
2025-07-03 16:53:36,sad
2025-07-03 16:53:36,sad
2025-07-03 16:53:37,sad
2025-07-03 16:53:37,sad
2025-07-03 16:53:37,sad
2025-07-03 16:53:37,sad
2025-07-03 16:53:37,sad
2025-07-03 16:53:37,sad
2025-07-03 16:53:37,sad
2025-07-03 16:53:37,sad
2025-07-03 16:53:37,sad
2025-07-03 16:53:37,sad
2025-07-03 16:53:37,sad
2025-07-03 16:53:37,sad
2025-07-03 16:53:37,sad
2025-07-03 16:53:37,sad
2025-07-03 16:53:37,sad
2025-07-03 16:53:37,sad
2025-07-03 16:53:37,sad
2025-07-03 16:53:37,sad
2025-07-03 16:53:37,sad
2025-07-03 16:53:37,sad
2025-07-03 16:53:37,sad
2025-07-03 16:53:37,sad
2025-07-03 16:53:38,sad
2025-07-03 16:53:38,sad
2025-07-03 16:53:38,sad
2025-07-03 16:53:38,sad
2025-07-03 16:53:38,sad
2025-07-03 16:53:38,sad
2025-07-03 16:53:38,sad
2025-07-03 16:53:38,sad
2025-07-03 16:53:38,sad
2025-07-03 16:53:38,sad
2025-07-03 16:53:38,neutral
2025-07-03 16:53:38,neutral
2025-07-03 16:53:38,neutral
2025-07-03 16:53:38,neutral
2025-07-03 16:53:38,angry
2025-07-03 16:53:38,angry
2025-07-03 16:53:38,angry
2025-07-03 16:53:38,angry
2025-07-03 16:53:38,fear
2025-07-03 16:53:38,fear
2025-07-03 16:53:38,sad
2025-07-03 16:53:38,sad
2025-07-03 16:53:39,neutral
2025-07-03 16:53:39,neutral
2025-07-03 16:53:39,neutral
2025-07-03 16:53:39,neutral
2025-07-03 16:53:39,neutral
2025-07-03 16:53:39,neutral
2025-07-03 16:53:39,neutral
2025-07-03 16:53:39,neutral
2025-07-03 16:53:39,neutral
2025-07-03 16:53:39,neutral
2025-07-03 16:53:39,neutral
2025-07-03 16:53:39,neutral
2025-07-03 16:53:39,neutral
2025-07-03 16:53:39,neutral
2025-07-03 16:53:39,neutral
2025-07-03 16:53:39,neutral
2025-07-03 16:53:39,neutral
2025-07-03 16:53:39,neutral
2025-07-03 16:53:39,neutral
2025-07-03 16:53:39,neutral
2025-07-03 16:53:40,neutral
2025-07-03 16:53:40,neutral
2025-07-03 16:53:40,neutral
2025-07-03 16:53:40,neutral
2025-07-03 16:53:40,neutral
2025-07-03 16:53:40,neutral
2025-07-03 16:53:40,neutral
2025-07-03 16:53:40,neutral
2025-07-03 16:53:40,neutral
2025-07-03 16:53:40,neutral
2025-07-03 16:53:40,neutral
2025-07-03 16:53:40,neutral
2025-07-03 16:53:40,neutral
2025-07-03 16:53:40,neutral
2025-07-03 16:53:40,neutral
2025-07-03 16:53:40,neutral
2025-07-03 16:53:40,neutral
2025-07-03 16:53:40,neutral
2025-07-03 16:53:40,neutral
2025-07-03 16:53:40,neutral
2025-07-03 16:53:40,neutral
2025-07-03 16:53:40,neutral
2025-07-03 16:53:40,neutral
2025-07-03 16:53:40,neutral
2025-07-03 16:53:41,neutral
2025-07-03 16:53:41,neutral
2025-07-03 16:53:41,neutral
2025-07-03 16:53:41,neutral
2025-07-03 16:53:41,neutral
2025-07-03 16:53:41,neutral
2025-07-03 16:53:41,neutral
2025-07-03 16:53:41,neutral
2025-07-03 16:53:41,neutral
2025-07-03 16:53:41,neutral
2025-07-03 16:53:41,neutral
2025-07-03 16:53:41,neutral
2025-07-03 16:53:41,neutral
2025-07-03 16:53:41,neutral
2025-07-03 16:53:41,happy
2025-07-03 16:53:41,happy
2025-07-03 16:53:41,happy
2025-07-03 16:53:41,happy
2025-07-03 16:53:41,happy
2025-07-03 16:53:41,happy
2025-07-03 16:53:42,happy
2025-07-03 16:53:42,happy
2025-07-03 16:53:42,happy
2025-07-03 16:53:42,happy
2025-07-03 16:53:42,angry
2025-07-03 16:53:42,angry
2025-07-03 16:53:42,angry
2025-07-03 16:53:42,angry
2025-07-03 16:53:42,angry
2025-07-03 16:53:42,angry
2025-07-03 16:53:42,neutral
2025-07-03 16:53:42,neutral
2025-07-03 16:53:42,neutral
2025-07-03 16:53:42,neutral
2025-07-03 16:53:42,happy
2025-07-03 16:53:42,happy
2025-07-03 16:53:42,happy
2025-07-03 16:53:42,happy
2025-07-03 16:53:42,neutral
2025-07-03 16:53:42,neutral
2025-07-03 16:53:43,neutral
2025-07-03 16:53:43,neutral
2025-07-03 16:53:43,neutral
2025-07-03 16:53:43,neutral
2025-07-03 16:53:43,neutral
2025-07-03 16:53:43,neutral
2025-07-03 16:53:43,neutral
2025-07-03 16:53:43,neutral
2025-07-03 16:53:43,neutral
2025-07-03 16:53:43,neutral
2025-07-03 16:53:43,neutral
2025-07-03 16:53:43,neutral
2025-07-03 16:53:43,neutral
2025-07-03 16:53:43,neutral
2025-07-03 16:53:43,neutral
2025-07-03 16:53:43,neutral
2025-07-03 16:53:43,neutral
2025-07-03 16:53:43,neutral
2025-07-03 16:53:43,neutral
2025-07-03 16:53:43,neutral
2025-07-03 16:53:43,happy
2025-07-03 16:53:43,happy
2025-07-03 16:53:44,happy
2025-07-03 16:53:44,happy
2025-07-03 16:53:44,happy
2025-07-03 16:53:44,happy
2025-07-03 16:53:44,neutral
2025-07-03 16:53:44,neutral
2025-07-03 16:53:44,angry
2025-07-03 16:53:44,angry
2025-07-03 16:53:44,neutral
2025-07-03 16:53:44,neutral
2025-07-03 16:53:44,neutral
2025-07-03 16:53:44,neutral
2025-07-03 16:53:44,neutral
2025-07-03 16:53:44,neutral
2025-07-03 16:53:44,neutral
2025-07-03 16:53:44,neutral
2025-07-03 16:53:44,happy
2025-07-03 16:53:44,happy
2025-07-03 16:53:44,angry
2025-07-03 16:53:44,angry
2025-07-03 16:53:45,happy
2025-07-03 16:53:45,happy
2025-07-03 16:53:45,happy
2025-07-03 16:53:45,happy
2025-07-03 16:53:45,happy
2025-07-03 16:53:45,happy
2025-07-03 16:53:45,happy
2025-07-03 16:53:45,happy
2025-07-03 16:53:45,happy
2025-07-03 16:53:45,happy
2025-07-03 16:53:45,happy
2025-07-03 16:53:45,happy
2025-07-03 16:53:45,happy
2025-07-03 16:53:45,happy
2025-07-03 16:53:45,angry
2025-07-03 16:53:45,angry
2025-07-03 16:53:45,happy
2025-07-03 16:53:45,happy
2025-07-03 16:53:45,happy
2025-07-03 16:53:45,happy
2025-07-03 16:53:46,happy
2025-07-03 16:53:46,happy
2025-07-03 16:53:46,happy
2025-07-03 16:53:46,happy
2025-07-03 16:53:46,happy
2025-07-03 16:53:46,happy
2025-07-03 16:53:46,happy
2025-07-03 16:53:46,happy
2025-07-03 16:53:46,happy
2025-07-03 16:53:46,happy
2025-07-03 16:53:46,happy
2025-07-03 16:53:46,happy
2025-07-03 16:53:46,happy
2025-07-03 16:53:46,happy
2025-07-03 16:53:46,happy
2025-07-03 16:53:46,happy
2025-07-03 16:53:46,happy
2025-07-03 16:53:46,happy
2025-07-03 16:53:46,happy
2025-07-03 16:53:46,happy
2025-07-03 16:53:46,happy
2025-07-03 16:53:46,happy
2025-07-03 16:53:47,happy
2025-07-03 16:53:47,happy
2025-07-03 16:53:47,happy
2025-07-03 16:53:47,happy
2025-07-03 16:53:47,happy
2025-07-03 16:53:47,happy
2025-07-03 16:53:47,neutral
2025-07-03 16:53:47,neutral
2025-07-03 16:53:47,neutral
2025-07-03 16:53:47,neutral
2025-07-03 16:53:47,neutral
2025-07-03 16:53:47,neutral
2025-07-03 16:53:47,neutral
2025-07-03 16:53:47,neutral
2025-07-03 16:53:47,neutral
2025-07-03 16:53:47,neutral
2025-07-03 16:53:47,neutral
2025-07-03 16:53:47,neutral
2025-07-03 16:53:47,neutral
2025-07-03 16:53:47,neutral
2025-07-03 16:53:48,neutral
2025-07-03 16:53:48,neutral
2025-07-03 16:53:48,neutral
2025-07-03 16:53:48,neutral
2025-07-03 16:53:48,neutral
2025-07-03 16:53:48,neutral
2025-07-03 16:53:48,neutral
2025-07-03 16:53:48,neutral
2025-07-03 16:53:48,neutral
2025-07-03 16:53:48,neutral
2025-07-03 16:53:48,neutral
2025-07-03 16:53:48,neutral
2025-07-03 16:53:48,neutral
2025-07-03 16:53:48,neutral
2025-07-03 16:53:48,neutral
2025-07-03 16:53:48,neutral
2025-07-03 16:53:48,neutral
2025-07-03 16:53:48,neutral
2025-07-03 16:53:49,happy
2025-07-03 16:53:49,happy
2025-07-03 16:53:49,happy
2025-07-03 16:53:49,happy
2025-07-03 16:53:49,happy
2025-07-03 16:53:49,happy
2025-07-03 16:53:49,happy
2025-07-03 16:53:49,happy
2025-07-03 16:53:49,neutral
2025-07-03 16:53:49,neutral
2025-07-03 16:53:49,neutral
2025-07-03 16:53:49,neutral
2025-07-03 16:53:49,neutral
2025-07-03 16:53:49,neutral
2025-07-03 16:53:49,neutral
2025-07-03 16:53:49,neutral
2025-07-03 16:53:49,neutral
2025-07-03 16:53:49,neutral
2025-07-03 16:53:49,neutral
2025-07-03 16:53:49,neutral
2025-07-03 16:53:49,neutral
2025-07-03 16:53:49,neutral
2025-07-03 16:53:50,neutral
2025-07-03 16:53:50,neutral
2025-07-03 16:53:50,neutral
2025-07-03 16:53:50,neutral
2025-07-03 16:53:50,neutral
2025-07-03 16:53:50,neutral
2025-07-03 16:53:50,neutral
2025-07-03 16:53:50,neutral
2025-07-03 16:53:50,neutral
2025-07-03 16:53:50,neutral
2025-07-03 16:53:50,neutral
2025-07-03 16:53:50,neutral
2025-07-03 16:53:50,neutral
2025-07-03 16:53:50,neutral
